fn,cx,cy,cz,radius,inliers,total
test_fn118,-0.6817751405594529,0.6173121354411115,-0.06392310167240242,0.25,385,14976
test_fn41,-0.046151314589280235,-0.17578049027695414,0.17167199946314748,0.25,312,14976
test_fn47,0.041658666413415986,-0.06850714090617806,0.23679384949258458,0.25,315,14976
test_fn48,-0.12598138278218238,0.07115209955255586,-0.20387758562812253,0.25,332,14976
test_fn61,0.24306194941403264,-0.044138186609579654,-0.03837589386409348,0.25,314,14976
test_fn65,0.21392987976575084,0.11204552145078177,-0.06465143205317839,0.25,302,14976
test_fn76,-0.07216986671757727,-0.13738007424165352,0.19600567731408491,0.25,316,14976
test_fn82,0.1253968342766852,-0.013566461264153997,0.21585083989216666,0.25,326,14976
test_fn84,0.14886258977492253,0.1321911593699607,-0.15121318312213705,0.25,314,14976
