{
  "center": [
    0.7039760639758297,
    0.6748143148949222,
    -0.038734357855707724
  ],
  "radius": 0.25,
  "inliers": 406,
  "total": 441
}